botId,role,configuredRoomId,actualRoomId,connected,messagesSent,messagesReceived,droppedPackets,reconnects,rageQuitExecuted,maxAckLatencyMs
"debater_1","debater","","e6df5470-0edc-45a6-b0b6-49ceb7ebbe84",0,4,97,0,0,0,0
"debater_2","debater","","e6df5470-0edc-45a6-b0b6-49ceb7ebbe84",0,3,97,0,0,0,0
"debater_3","debater","","45b5d8d8-4b19-40b8-a399-aa1fc76a9bbf",0,3,95,0,0,0,0
"debater_4","debater","","45b5d8d8-4b19-40b8-a399-aa1fc76a9bbf",0,3,95,0,0,0,0
"spectator_1","spectator","e6df5470-0edc-45a6-b0b6-49ceb7ebbe84","e6df5470-0edc-45a6-b0b6-49ceb7ebbe84",0,0,91,1,0,0,0
"spectator_2","spectator","e6df5470-0edc-45a6-b0b6-49ceb7ebbe84","e6df5470-0edc-45a6-b0b6-49ceb7ebbe84",0,0,90,0,0,0,0
"spectator_3","spectator","e6df5470-0edc-45a6-b0b6-49ceb7ebbe84","e6df5470-0edc-45a6-b0b6-49ceb7ebbe84",0,0,92,0,0,0,0
"spectator_4","spectator","e6df5470-0edc-45a6-b0b6-49ceb7ebbe84","e6df5470-0edc-45a6-b0b6-49ceb7ebbe84",0,0,90,0,0,0,0
"spectator_5","spectator","e6df5470-0edc-45a6-b0b6-49ceb7ebbe84","e6df5470-0edc-45a6-b0b6-49ceb7ebbe84",0,0,89,0,0,0,0
"spectator_6","spectator","e6df5470-0edc-45a6-b0b6-49ceb7ebbe84","e6df5470-0edc-45a6-b0b6-49ceb7ebbe84",0,0,89,0,0,0,0
"spectator_7","spectator","e6df5470-0edc-45a6-b0b6-49ceb7ebbe84","e6df5470-0edc-45a6-b0b6-49ceb7ebbe84",0,0,89,0,0,0,0
"spectator_8","spectator","e6df5470-0edc-45a6-b0b6-49ceb7ebbe84","e6df5470-0edc-45a6-b0b6-49ceb7ebbe84",0,0,89,0,0,0,0
"spectator_9","spectator","e6df5470-0edc-45a6-b0b6-49ceb7ebbe84","e6df5470-0edc-45a6-b0b6-49ceb7ebbe84",0,0,89,0,0,0,0
"spectator_10","spectator","e6df5470-0edc-45a6-b0b6-49ceb7ebbe84","e6df5470-0edc-45a6-b0b6-49ceb7ebbe84",0,0,90,0,0,0,0
"spectator_11","spectator","e6df5470-0edc-45a6-b0b6-49ceb7ebbe84","e6df5470-0edc-45a6-b0b6-49ceb7ebbe84",0,0,93,0,0,0,0
"spectator_12","spectator","e6df5470-0edc-45a6-b0b6-49ceb7ebbe84","e6df5470-0edc-45a6-b0b6-49ceb7ebbe84",0,0,85,0,0,0,0
"spectator_13","spectator","e6df5470-0edc-45a6-b0b6-49ceb7ebbe84","e6df5470-0edc-45a6-b0b6-49ceb7ebbe84",0,0,88,0,0,0,0
"spectator_14","spectator","e6df5470-0edc-45a6-b0b6-49ceb7ebbe84","e6df5470-0edc-45a6-b0b6-49ceb7ebbe84",0,0,89,0,0,0,0
"spectator_15","spectator","e6df5470-0edc-45a6-b0b6-49ceb7ebbe84","e6df5470-0edc-45a6-b0b6-49ceb7ebbe84",0,0,87,0,0,0,0
"spectator_16","spectator","e6df5470-0edc-45a6-b0b6-49ceb7ebbe84","e6df5470-0edc-45a6-b0b6-49ceb7ebbe84",0,0,89,0,0,0,0
"spectator_17","spectator","e6df5470-0edc-45a6-b0b6-49ceb7ebbe84","e6df5470-0edc-45a6-b0b6-49ceb7ebbe84",0,0,89,0,0,0,0
"spectator_18","spectator","e6df5470-0edc-45a6-b0b6-49ceb7ebbe84","e6df5470-0edc-45a6-b0b6-49ceb7ebbe84",0,0,90,0,0,0,0
"spectator_19","spectator","e6df5470-0edc-45a6-b0b6-49ceb7ebbe84","e6df5470-0edc-45a6-b0b6-49ceb7ebbe84",0,0,90,0,0,0,0
"spectator_20","spectator","e6df5470-0edc-45a6-b0b6-49ceb7ebbe84","e6df5470-0edc-45a6-b0b6-49ceb7ebbe84",0,0,88,0,0,0,0
"spectator_21","spectator","e6df5470-0edc-45a6-b0b6-49ceb7ebbe84","e6df5470-0edc-45a6-b0b6-49ceb7ebbe84",0,0,86,0,0,0,0
"spectator_22","spectator","e6df5470-0edc-45a6-b0b6-49ceb7ebbe84","e6df5470-0edc-45a6-b0b6-49ceb7ebbe84",0,0,83,0,0,0,0
"spectator_23","spectator","e6df5470-0edc-45a6-b0b6-49ceb7ebbe84","e6df5470-0edc-45a6-b0b6-49ceb7ebbe84",0,0,90,0,0,0,0
"spectator_24","spectator","e6df5470-0edc-45a6-b0b6-49ceb7ebbe84","e6df5470-0edc-45a6-b0b6-49ceb7ebbe84",0,0,88,1,0,0,0
"spectator_25","spectator","e6df5470-0edc-45a6-b0b6-49ceb7ebbe84","e6df5470-0edc-45a6-b0b6-49ceb7ebbe84",0,0,91,0,0,0,0
"spectator_26","spectator","e6df5470-0edc-45a6-b0b6-49ceb7ebbe84","e6df5470-0edc-45a6-b0b6-49ceb7ebbe84",0,0,90,0,0,0,0
"spectator_27","spectator","e6df5470-0edc-45a6-b0b6-49ceb7ebbe84","e6df5470-0edc-45a6-b0b6-49ceb7ebbe84",0,0,90,0,0,0,0
"spectator_28","spectator","e6df5470-0edc-45a6-b0b6-49ceb7ebbe84","e6df5470-0edc-45a6-b0b6-49ceb7ebbe84",0,0,87,0,0,0,0
"spectator_29","spectator","e6df5470-0edc-45a6-b0b6-49ceb7ebbe84","e6df5470-0edc-45a6-b0b6-49ceb7ebbe84",0,0,88,0,0,0,0
"spectator_30","spectator","e6df5470-0edc-45a6-b0b6-49ceb7ebbe84","e6df5470-0edc-45a6-b0b6-49ceb7ebbe84",0,0,84,0,0,0,0
"spectator_31","spectator","e6df5470-0edc-45a6-b0b6-49ceb7ebbe84","e6df5470-0edc-45a6-b0b6-49ceb7ebbe84",0,0,83,0,0,0,0
"spectator_32","spectator","e6df5470-0edc-45a6-b0b6-49ceb7ebbe84","e6df5470-0edc-45a6-b0b6-49ceb7ebbe84",0,0,87,0,0,0,0
"spectator_33","spectator","e6df5470-0edc-45a6-b0b6-49ceb7ebbe84","e6df5470-0edc-45a6-b0b6-49ceb7ebbe84",0,0,89,0,0,0,0
"spectator_34","spectator","e6df5470-0edc-45a6-b0b6-49ceb7ebbe84","e6df5470-0edc-45a6-b0b6-49ceb7ebbe84",0,0,90,1,0,0,0
"spectator_35","spectator","e6df5470-0edc-45a6-b0b6-49ceb7ebbe84","e6df5470-0edc-45a6-b0b6-49ceb7ebbe84",0,0,88,0,0,0,0
"spectator_36","spectator","e6df5470-0edc-45a6-b0b6-49ceb7ebbe84","e6df5470-0edc-45a6-b0b6-49ceb7ebbe84",0,0,86,0,0,0,0
"spectator_37","spectator","e6df5470-0edc-45a6-b0b6-49ceb7ebbe84","e6df5470-0edc-45a6-b0b6-49ceb7ebbe84",0,0,89,0,0,0,0
"spectator_38","spectator","e6df5470-0edc-45a6-b0b6-49ceb7ebbe84","e6df5470-0edc-45a6-b0b6-49ceb7ebbe84",0,0,84,0,0,0,0
"spectator_39","spectator","e6df5470-0edc-45a6-b0b6-49ceb7ebbe84","e6df5470-0edc-45a6-b0b6-49ceb7ebbe84",0,0,86,0,0,0,0
"spectator_40","spectator","e6df5470-0edc-45a6-b0b6-49ceb7ebbe84","e6df5470-0edc-45a6-b0b6-49ceb7ebbe84",0,0,89,0,0,0,0
"spectator_41","spectator","e6df5470-0edc-45a6-b0b6-49ceb7ebbe84","e6df5470-0edc-45a6-b0b6-49ceb7ebbe84",0,0,89,0,0,0,0
"spectator_42","spectator","e6df5470-0edc-45a6-b0b6-49ceb7ebbe84","e6df5470-0edc-45a6-b0b6-49ceb7ebbe84",0,0,89,0,0,0,0
"spectator_43","spectator","e6df5470-0edc-45a6-b0b6-49ceb7ebbe84","e6df5470-0edc-45a6-b0b6-49ceb7ebbe84",0,0,88,0,0,0,0
"spectator_44","spectator","e6df5470-0edc-45a6-b0b6-49ceb7ebbe84","e6df5470-0edc-45a6-b0b6-49ceb7ebbe84",0,0,88,0,0,0,0
"spectator_45","spectator","e6df5470-0edc-45a6-b0b6-49ceb7ebbe84","e6df5470-0edc-45a6-b0b6-49ceb7ebbe84",0,0,85,0,0,0,0
"spectator_46","spectator","e6df5470-0edc-45a6-b0b6-49ceb7ebbe84","e6df5470-0edc-45a6-b0b6-49ceb7ebbe84",0,0,85,0,0,0,0
"spectator_47","spectator","e6df5470-0edc-45a6-b0b6-49ceb7ebbe84","e6df5470-0edc-45a6-b0b6-49ceb7ebbe84",0,0,0,1,0,0,0
"spectator_48","spectator","e6df5470-0edc-45a6-b0b6-49ceb7ebbe84","e6df5470-0edc-45a6-b0b6-49ceb7ebbe84",0,0,88,0,0,0,0
"spectator_49","spectator","e6df5470-0edc-45a6-b0b6-49ceb7ebbe84","e6df5470-0edc-45a6-b0b6-49ceb7ebbe84",0,0,87,0,0,0,0
"spectator_50","spectator","e6df5470-0edc-45a6-b0b6-49ceb7ebbe84","e6df5470-0edc-45a6-b0b6-49ceb7ebbe84",0,0,87,0,0,0,0
"spectator_51","spectator","e6df5470-0edc-45a6-b0b6-49ceb7ebbe84","e6df5470-0edc-45a6-b0b6-49ceb7ebbe84",0,0,88,0,0,0,0
"spectator_52","spectator","e6df5470-0edc-45a6-b0b6-49ceb7ebbe84","e6df5470-0edc-45a6-b0b6-49ceb7ebbe84",0,0,86,0,0,0,0
"spectator_53","spectator","e6df5470-0edc-45a6-b0b6-49ceb7ebbe84","e6df5470-0edc-45a6-b0b6-49ceb7ebbe84",0,0,88,0,0,0,0
"spectator_54","spectator","e6df5470-0edc-45a6-b0b6-49ceb7ebbe84","e6df5470-0edc-45a6-b0b6-49ceb7ebbe84",0,0,84,1,0,0,0
"spectator_55","spectator","e6df5470-0edc-45a6-b0b6-49ceb7ebbe84","e6df5470-0edc-45a6-b0b6-49ceb7ebbe84",0,0,83,0,0,0,0
"spectator_56","spectator","e6df5470-0edc-45a6-b0b6-49ceb7ebbe84","e6df5470-0edc-45a6-b0b6-49ceb7ebbe84",0,0,85,0,0,0,0
"spectator_57","spectator","e6df5470-0edc-45a6-b0b6-49ceb7ebbe84","e6df5470-0edc-45a6-b0b6-49ceb7ebbe84",0,0,88,0,0,0,0
"spectator_58","spectator","e6df5470-0edc-45a6-b0b6-49ceb7ebbe84","e6df5470-0edc-45a6-b0b6-49ceb7ebbe84",0,0,89,0,0,0,0
"spectator_59","spectator","e6df5470-0edc-45a6-b0b6-49ceb7ebbe84","e6df5470-0edc-45a6-b0b6-49ceb7ebbe84",0,0,88,0,0,0,0
"spectator_60","spectator","e6df5470-0edc-45a6-b0b6-49ceb7ebbe84","e6df5470-0edc-45a6-b0b6-49ceb7ebbe84",0,0,88,0,0,0,0
"spectator_61","spectator","e6df5470-0edc-45a6-b0b6-49ceb7ebbe84","e6df5470-0edc-45a6-b0b6-49ceb7ebbe84",0,0,87,0,0,0,0
"spectator_62","spectator","e6df5470-0edc-45a6-b0b6-49ceb7ebbe84","e6df5470-0edc-45a6-b0b6-49ceb7ebbe84",0,0,86,0,0,0,0
"spectator_63","spectator","e6df5470-0edc-45a6-b0b6-49ceb7ebbe84","e6df5470-0edc-45a6-b0b6-49ceb7ebbe84",0,0,86,0,0,0,0
"spectator_64","spectator","e6df5470-0edc-45a6-b0b6-49ceb7ebbe84","e6df5470-0edc-45a6-b0b6-49ceb7ebbe84",0,0,86,0,0,0,0
"spectator_65","spectator","e6df5470-0edc-45a6-b0b6-49ceb7ebbe84","e6df5470-0edc-45a6-b0b6-49ceb7ebbe84",0,0,89,0,0,0,0
"spectator_66","spectator","e6df5470-0edc-45a6-b0b6-49ceb7ebbe84","e6df5470-0edc-45a6-b0b6-49ceb7ebbe84",0,0,90,0,0,0,0
"spectator_67","spectator","e6df5470-0edc-45a6-b0b6-49ceb7ebbe84","e6df5470-0edc-45a6-b0b6-49ceb7ebbe84",0,0,89,0,0,0,0
"spectator_68","spectator","e6df5470-0edc-45a6-b0b6-49ceb7ebbe84","e6df5470-0edc-45a6-b0b6-49ceb7ebbe84",0,0,88,0,0,0,0
"spectator_69","spectator","e6df5470-0edc-45a6-b0b6-49ceb7ebbe84","e6df5470-0edc-45a6-b0b6-49ceb7ebbe84",0,0,88,0,0,0,0
"spectator_70","spectator","e6df5470-0edc-45a6-b0b6-49ceb7ebbe84","e6df5470-0edc-45a6-b0b6-49ceb7ebbe84",0,0,85,0,0,0,0
"spectator_71","spectator","e6df5470-0edc-45a6-b0b6-49ceb7ebbe84","e6df5470-0edc-45a6-b0b6-49ceb7ebbe84",0,0,84,1,0,0,0
"spectator_72","spectator","e6df5470-0edc-45a6-b0b6-49ceb7ebbe84","e6df5470-0edc-45a6-b0b6-49ceb7ebbe84",0,0,86,0,0,0,0
"spectator_73","spectator","e6df5470-0edc-45a6-b0b6-49ceb7ebbe84","e6df5470-0edc-45a6-b0b6-49ceb7ebbe84",0,0,86,0,0,0,0
"spectator_74","spectator","e6df5470-0edc-45a6-b0b6-49ceb7ebbe84","e6df5470-0edc-45a6-b0b6-49ceb7ebbe84",0,0,89,0,0,0,0
"spectator_75","spectator","e6df5470-0edc-45a6-b0b6-49ceb7ebbe84","e6df5470-0edc-45a6-b0b6-49ceb7ebbe84",0,0,88,0,0,0,0
"spectator_76","spectator","e6df5470-0edc-45a6-b0b6-49ceb7ebbe84","e6df5470-0edc-45a6-b0b6-49ceb7ebbe84",0,0,87,0,0,0,0
"spectator_77","spectator","e6df5470-0edc-45a6-b0b6-49ceb7ebbe84","e6df5470-0edc-45a6-b0b6-49ceb7ebbe84",0,0,85,0,0,0,0
"spectator_78","spectator","e6df5470-0edc-45a6-b0b6-49ceb7ebbe84","e6df5470-0edc-45a6-b0b6-49ceb7ebbe84",0,0,84,0,0,0,0
"spectator_79","spectator","e6df5470-0edc-45a6-b0b6-49ceb7ebbe84","e6df5470-0edc-45a6-b0b6-49ceb7ebbe84",0,0,0,1,0,0,0
"spectator_80","spectator","e6df5470-0edc-45a6-b0b6-49ceb7ebbe84","e6df5470-0edc-45a6-b0b6-49ceb7ebbe84",0,0,86,0,0,0,0